PRAGMA foreign_keys=OFF;
BEGIN TRANSACTION;
CREATE TABLE alembic_version (
	version_num VARCHAR(32) NOT NULL, 
	CONSTRAINT alembic_version_pkc PRIMARY KEY (version_num)
);
INSERT INTO alembic_version VALUES('36be967990ae');
CREATE TABLE IF NOT EXISTS "artist" (
	"artistid" INTEGER NOT NULL, 
	name VARCHAR,
	PRIMARY KEY ("artistid")
);
INSERT INTO artist VALUES
	(1,'Kygo'),
	(2,'Alan Walker'),
	(3,'Avicii'),
	(4,'Bruno Mars'),
	(5,'The Chainsmokers'),
	(6,'Coldplay'),
	(7,'Duki'),
	(8,'Emilia Mernes'),
	(9,'Imagine Dragons'),
	(10,'Salem Ilese'),
	(11,'Fred Again'),
	(12,'Big One'),
	(13,'Maria Becerra'),
	(14,'Trueno'),
	(15,'Delilah Montagu'),
	(16,'The Blessed Madonna'),
	(17,'Swedish House Mafia'),
	(18,'Future'),
	(19,'Ylvis'),
	(20,'Dynoro'),
	(21,'Gigi D''Agostino'),
	(22,'Carys'),
	(23,'Elley Duhé'),
	(24,'Witt Lowry'),
	(25,'Ava Max'),
	(26,'Vicetone'),
	(27,'Cozi Zuehisdorff'),
	(28,'Prize'),
	(29,'Sautu'),
	(30,'Ara'),
	(31,'Ramma'),
	(32,'cnd'),
	(33,'Tiano'),
	(34,'Morat'),
	(35,'Bizarrap'),
	(36,'Young Miko'),
	(37,'Alok'),
	(38,'Zeeba'),
	(39,'ISÁK'),
	(40,'Bhavi'),
	(41,'Seven Kayne'),
	(42,'Milo j'),
	(43,'Tiago PZK'),
	(44,'KHEA'),
	(45,'Neo Pistea'),
	(46,'Bruno Martini'),
	(47,'A$AP Rocky'),
	(48,'Kameron'),
	(49,'Emma Steinbakken'),
	(50,'League of Legends'),
	(51,'Against The Current'),
	(52,'Mako'),
	(53,'Ina Wroldsen'),
	(54,'One Republic'),
	(55,'David Whistle'),
	(56,'Tom Odell'),
	(57,'India Martinez'),
	(58,'Melendi'),
	(59,'La K''onga'),
	(60,'Cash Cash'),
	(61,'Bebe Rexha'),
	(62,'Sia'),
	(63,'Zayn'),
	(64,'Benson Boone'),
	(65,'Kendrick Lamar'),
	(66,'NEFFEX'),
	(67,'Seeb'),
	(68,'CRO'),
	(69,'Obie Wanshot'),
	(70,'YSY A'),
	(71,'Cazzu'),
	(72,'Lucho SSJ'),
	(73,'Coqeéin Montana'),
	(74,'Marcianos Crew'),
	(75,'Justin Bieber'),
	(76,'Natanael Cano'),
	(77,'James Hype'),
	(78,'Miggy Dela Rosa'),
	(79,'Lazza'),
	(80,'Luck Ra'),
	(81,'Abel Pintos'),
	(82,'Roze'),
	(83,'Katy Perry'),
	(84,'Ulises Bueno'),
	(85,'BM'),
	(86,'Rusherking'),
	(87,'La T y La M'),
	(88,'Sebastián Yatra'),
	(89,'Reik'),
	(90,'K-391'),
	(91,'Boy In Space'),
	(92,'Lady Gaga'),
	(93,'Cascada'),
	(94,'Kesha'),
	(95,'Omar Varela'),
	(96,'MYKKA'),
	(97,'G-Eazy'),
	(98,'Halsey'),
	(99,'Galantis'),
	(100,'Charli XCX'),
	(101,'Samuel Kim'),
	(102,'Paris Blohm'),
	(103,'Gioni'),
	(104,'Martin Garrix'),
	(105,'Lewis Capaldi'),
	(106,'Macklemore'),
	(107,'Ray Dalton'),
	(108,'Ryan Lewis'),
	(109,'Southend Revolution'),
	(110,'Ivy Queen'),
	(111,'Mozart'),
	(112,'Miley Cyrus'),
	(113,'Soda Stereo'),
	(114,'The Weeknd'),
	(115,'Diplo'),
	(116,'Adele'),
	(117,'Attaque 77'),
	(118,'Tyla'),
	(119,'Marshmello'),
	(120,'Bonn'),
	(121,'Sentinel'),
	(122,'JVKE'),
	(123,'Khalid'),
	(124,'Lloyiso'),
	(125,'Zedd'),
	(126,'Mark Ronson'),
	(127,'Evanescence'),
	(128,'Sofi Tukker'),
	(129,'INNA'),
	(130,'Flo Rida'),
	(131,'Timmy Trumpet'),
	(132,'Sean Paul'),
	(133,'R3HAB'),
	(134,'Sash!'),
	(135,'Gustavo Cerati'),
	(136,'Michael Calfan'),
	(137,'James Arthur'),
	(138,'Anne-Marie'),
	(139,'bludnymph'),
	(140,'Shenseea'),
	(141,'Nicky Jam'),
	(142,'Maluma'),
	(143,'ILLENIUM'),
	(144,'Carlie Hanson'),
	(145,'Mae Stephens'),
	(146,'Tyler Ward'),
	(147,'Lindsey Stirling'),
	(148,'Otto Knows'),
	(149,'Alex Aris'),
	(150,'Amy Lee'),
	(151,'Elle King'),
	(152,'Kiesza'),
	(153,'Walk off the Earth'),
	(154,'Mako'),
	(155,'Marama'),
	(156,'MYA'),
	(157,'Robleis'),
	(158,'Charlie Puth'),
	(159,'Jung Kook'),
	(160,'BTS'),
	(161,'Selena Gomez'),
	(162,'David Guetta'),
	(163,'Nicki Minaj'),
	(164,'Zara Larsson'),
	(165,'Robin Schulz'),
	(166,'Dennis Lloyd'),
	(167,'Francesco Yates'),
	(168,'Lilly Wood and The Prick'),
	(169,'Calvin Harris'),
	(170,'Dua Lipa'),
	(171,'Ellie Goulding'),
	(172,'Sam Smith'),
	(173,'Daya'),
	(174,'Rita Ora'),
	(175,'Beat Saber'),
	(176,'LIT killah'),
	(177,'Neon Trees'),
	(178,'Dash Berlin'),
	(179,'Vikkstar'),
	(180,'Alec Benjamin'),
	(181,'TocoParaVos'),
	(182,'Meri Deal'),
	(183,'Akon'),
	(184,'Ne-Yo'),
	(185,'Kid Cudi'),
	(186,'The La Planta'),
	(187,'TINI'),
	(188,'NewJeans'),
	(189,'Oasis'),
	(190,'FMK'),
	(191,'Wisin'),
	(192,'Jennifer Lopez'),
	(193,'Ricky Martin'),
	(194,'DaBaby'),
	(195,'Gotye'),
	(196,'Kimbra'),
	(197,'LUANA'),
	(198,'Lautaro Lopez'),
	(199,'John Newman'),
	(200,'RONNY J'),
	(201,'Pablo Chill-E'),
	(202,'Capo Plaza'),
	(203,'Asan'),
	(204,'BLACKPINK'),
	(205,'Taiu'),
	(206,'Harry Styles'),
	(207,'Paulo Londra'),
	(208,'Ozuna'),
	(209,'Callejeros'),
	(210,'VALORANT'),
	(211,'Grabbitz'),
	(212,'bbno$');
CREATE TABLE IF NOT EXISTS "song" (
	"songid" INTEGER NOT NULL, 
	title VARCHAR, 
	length INTEGER, 
	"releasedate" DATE, 
	PRIMARY KEY ("songid")
);
INSERT INTO song VALUES
	(1,'Natural',189,'2018-07-17'),
	(2,'Fake A Smile',168,'2021-02-19'),
	(3,'Jungle',199,'2022-01-01'),
	(4,'Wake Me Up',247,'2013-06-17'),
	(5,'Demons',178,'2012-09-04'),
	(6,'Faded',212,'2015-12-03'),
	(7,'Cuando Te Vi',218,NULL),
	(8,'Iconic.mp3',181,NULL),
	(9,'Delilah',251,NULL),
	(10,'Marea',285,NULL),
	(11,'Turn On The Lights',268,NULL),
	(13,'The Fox',214,NULL),
	(14,'In My Mind',185,NULL),
	(15,'Princesses Don''t Cry',212,NULL),
	(16,'Middle of the Night',184,NULL),
	(17,'Into Your Arms',186,NULL),
	(18,'Nevada',209,NULL),
	(19,'Walk Thru Fire',194,NULL),
	(20,'Bichigyal - Remix',330,NULL),
	(21,'Enamórate de Alguien Más',229,NULL),
	(22,'Trapstar',151,NULL),
	(23,'Zero',211,NULL),
	(24,'Hear Me Now',195,NULL),
	(25,'Bésame - Remix',284,NULL),
	(26,'Sorry',165,NULL),
	(27,'Live Fast',225,NULL),
	(28,'Not You',154,NULL),
	(29,'Legends Never Die - Remix',167,NULL),
	(30,'Strongest - Remix',210,NULL),
	(31,'Stranger Things - Remix',178,NULL),
	(32,'Routine',167,NULL),
	(33,'Another Love',244,NULL),
	(34,'Si Ella Supiera',234,NULL),
	(35,'El Mismo Aire',209,NULL),
	(36,'Take Me Home',206,NULL),
	(37,'Dusk Till Dawn',239,NULL),
	(38,'Bautiful Things',180,NULL),
	(39,'The Greatest',210,NULL),
	(40,'Best of Me',227,NULL),
	(41,'Heaven',277,NULL),
	(42,'Move Your Body - Remix',218,NULL),
	(43,'Hymn for the Weekend - Remix',213,NULL),
	(44,'Tumbando el Club - Remix',457,NULL),
	(45,'Pintao',167,NULL),
	(46,'Sorry',201,NULL),
	(47,'Natanael Cano: Bzrp #59',156,NULL),
	(48,'Ferrari - Remix',172,NULL),
	(49,'Que Me Falte Todo',166,NULL),
	(50,'Como Te Llamas',159,NULL),
	(51,'Last Friday Night',231,NULL),
	(52,'Que Sed',131,NULL),
	(53,'I Kissed A Girl',180,NULL),
	(54,'La Morocha',134,NULL),
	(55,'Te Mentiría - Remix',172,NULL),
	(56,'Quiero Creer',145,NULL),
	(57,'Un Año',164,NULL),
	(58,'Paradise',183,NULL),
	(59,'Bad Romance',295,NULL),
	(60,'Antes de Perderte',167,NULL),
	(61,'Everytime We Touch',197,NULL),
	(62,'TiK ToK',200,NULL),
	(63,'Loca',246,NULL),
	(64,'Hello Cotto',217,NULL),
	(65,'Him & I',269,NULL),
	(66,'Malbec x Waiting for Love',250,NULL),
	(67,'We Are Born to Play',168,NULL),
	(68,'Jolyne''s Theme x Traitor''s Requiem - Epic Version',240,NULL),
	(69,'Joseph Joestar Theme - Epic Version',260,NULL),
	(70,'Kylo Ren''s Theme x Imperial March - Epic Version',238,NULL),
	(71,'Left Behinds - Remix',266,NULL),
	(72,'Someone You Loved - Remix',230,NULL),
	(73,'Can''t Hold Us - Remix',415,NULL),
	(74,'Primer Aviso',183,NULL),
	(75,'Lacrimosa - Epic Version',176,NULL),
	(76,'Unity',205,NULL),
	(77,'Force',240,NULL),
	(78,'Midnight Sky',223,NULL),
	(79,'El Séptimo Día',263,NULL),
	(80,'Elastic Heart',258,NULL),
	(81,'Easy On Me',225,NULL),
	(82,'Arrancacorazones',259,NULL),
	(83,'Water',192,NULL),
	(84,'Hurricane',199,NULL),
	(85,'Hero',161,NULL),
	(86,'Ocean',216,NULL),
	(87,'Real Love',163,NULL),
	(88,'Follow',221,NULL),
	(89,'Angels Like You',196,NULL),
	(90,'Nothing Breaks Like a Heart',217,NULL),
	(91,'My Immortal',273,NULL),
	(92,'It Don''t Matter',174,NULL),
	(93,'Summer''s Not Ready',152,NULL),
	(94,'UP',149,NULL),
	(95,'Rock My Body',137,NULL),
	(96,'Cactus',235,NULL),
	(97,'Crimen',232,NULL),
	(98,'Prófugos',318,NULL),
	(99,'En la Ciudad de la Furia',346,NULL),
	(100,'Call Me Now',147,NULL),
	(101,'Rewrite The Stars',218,NULL),
	(102,'Self Destruction Mode',148,NULL),
	(103,'My Bad',147,NULL),
	(104,'Celular',176,NULL),
	(105,'See You Again',163,NULL),
	(106,'Jungle',176,NULL),
	(107,'High',175,NULL),
	(108,'Thrift Shop',225,NULL),
	(109,'Dying for You',199,NULL),
	(110,'7 Years - Acoustic',147,NULL),
	(111,'Love Goes On And On',247,NULL),
	(112,'The Upside',229,NULL),
	(113,'What You''re Made Of',207,NULL),
	(114,'Long Way Home',158,NULL),
	(115,'Carol Of The Bells',166,NULL),
	(116,'Hallelujah',198,NULL),
	(117,'Lose You Now',193,NULL),
	(118,'Artemis',234,NULL),
	(119,'Hola Perdida',167,NULL),
	(120,'Skyfall',286,NULL),
	(121,'Bronceado - Remix',157,NULL),
	(122,'Left and Right',154,NULL),
	(123,'We Don''t Talk Anymore',218,NULL),
	(124,'Attention',209,NULL) ,
	(125,'Where Them Girls At',198,NULL),
	(126,'On My Love',223,NULL),
	(127,'One in a Million',161,NULL),
	(128,'Young Right Now',186,NULL),
	(129,'Sugar',219,NULL),
	(130,'Prayer in C',189,NULL),
	(131,'One Kiss',215,NULL),
	(132,'Miracle',186,NULL),
	(133,'Desire',179,NULL),
	(134,'Heart over Mind',189,NULL),
	(135,'I''ll Be There',167,NULL),
	(136,'Heavy Weight',262,NULL),
	(137,'Summertime Friends',137,NULL),
	(138,'Facetime',152,NULL),
	(139,'Houdini',186,NULL),
	(140,'Dreamteam',181,NULL),
	(141,'Better Off',152,NULL),
	(142,'I Sent My Therapist To Therapy',181,NULL),
	(143,'Corta',165,NULL),
	(144,'A Sky Full of Stars',268,NULL),
	(145,'Hasta la luna',149,NULL),
	(146,'Play Hard',209,NULL),
	(147,'Memories',210,NULL),
	(148,'Se Fue Viral',180,NULL),
	(149,'Besos con Fernet',147,NULL),
	(150,'A_1000_Km.mp3',201,NULL),
	(151,'La_Original.mp3',141,NULL),
	(152,'Toy en el Mic',137,NULL),
	(153,'Fruto',132,NULL),
	(154,'GODS',221,NULL),
	(155,'Milo J: Bzrp #57',190,NULL),
	(156,'Penas de Antaño',201,NULL),
	(157,'Stop Crying Your Heart Out',303,NULL),
	(158,'Wonderwall',259,NULL),
	(159,'Troya',163,NULL),
	(160,'Salgo a Bailar',158,NULL),
	(161,'Adrenalina',236,NULL),
	(162,'Levitating',203,NULL),
	(163,'Somebody That I Used To Know',245,NULL),
	(164,'Será Mi Culpa? - Remix',198,NULL),
	(165,'Love Me Again',240,NULL),
	(166,'Poker Face',237,NULL),
	(167,'Don''t Start Now',183,NULL),
	(168,'Goteo - Remix',278,NULL),
	(169,'Goteo',164,NULL),
	(170,'As If It''s Your Last',213,NULL),
	(171,'DDU-DU DDU-DU',211,NULL),
	(172,'Kill This Love',191,NULL),
	(173,'Rara Vez',129,NULL),
	(174,'As It Was',167,NULL),
	(175,'Tal Vez',264,NULL),
	(176,'Se Preparó',188,NULL),
	(177,'El Farsante',234,NULL),
	(178,'AEROBICO - Remix',213,NULL),
	(179,'Prohibido',210,NULL),
	(180,'Ticking Away',205,NULL),
	(181,'Remember Me',171,NULL),
	(182,'Let Me Down Slowly',169,NULL);
CREATE TABLE `song_artist` (`songid` INTEGER NOT NULL REFERENCES `song`(`songid`), `artistid` INTEGER NOT NULL REFERENCES `artist`(`artistid`), PRIMARY KEY (songId, artistId));
INSERT INTO song_artist VALUES
	(4,3),
	(1,9),
	(2,2),
	(2,10),
	(3,11),
	(5,9),
	(6,2),
	(7,13),
	(7,12),
	(7,14),
	(8,8),
	(9,11),
	(9,15),
	(10,16),
	(10,11),
	(11,17),
	(11,18),
	(11,11),
	(13,19),
	(14,21),
	(14,20),
	(15,22),
	(16,23),
	(17,25),
	(17,24),
	(18,27),
	(18,26),
	(19,26),
	(20,33),
	(20,32),
	(20,30),
	(20,28),
	(20,31),
	(20,29),
	(21,34),
	(22,36),
	(22,35),
	(23,9),
	(24,38),
	(24,37),
	(25,44),
	(25,41),
	(25,42),
	(25,40),
	(25,45),
	(25,43),
	(26,39),
	(26,2),
	(24,46),
	(27,48),
	(27,47),
	(27,2),
	(28,49),
	(28,2),
	(29,52),
	(29,51),
	(29,50),
	(29,2),
	(30,53),
	(30,2),
	(31,54),
	(31,2),
	(31,1),
	(32,55),
	(32,2),
	(33,56),
	(34,57),
	(34,58),
	(35,59),
	(36,61),
	(36,60),
	(37,62),
	(37,63),
	(38,64),
	(39,65),
	(39,62),
	(40,66),
	(41,3),
	(42,62),
	(42,2),
	(43,6),
	(43,67),
	(44,70),
	(44,7),
	(44,69),
	(44,71),
	(44,68),
	(44,74),
	(44,73),
	(44,72),
	(44,45),
	(44,44),
	(45,70),
	(45,7),
	(46,75),
	(47,76),
	(47,35),
	(48,77),
	(48,79),
	(48,78),
	(49,81),
	(49,80),
	(50,82),
	(51,83),
	(52,84),
	(52,80),
	(53,83),
	(54,85),
	(54,80),
	(55,86),
	(55,80),
	(56,87),
	(56,86),
	(56,80),
	(57,89),
	(57,88),
	(58,91),
	(58,90),
	(58,2),
	(59,92),
	(60,7),
	(61,93),
	(62,94),
	(63,95),
	(63,96),
	(63,44),
	(63,7),
	(63,71),
	(64,7),
	(65,97),
	(65,98),
	(66,35),
	(66,3),
	(67,100),
	(67,99),
	(68,101),
	(69,101),
	(70,101),
	(71,103),
	(71,102),
	(72,104),
	(72,105),
	(73,108),
	(73,106),
	(73,107),
	(73,109),
	(74,110),
	(74,13),
	(75,101),
	(75,111),
	(76,2),
	(77,2),
	(78,112),
	(79,113),
	(80,115),
	(80,114),
	(80,62),
	(81,116),
	(82,117),
	(83,119),
	(83,118),
	(84,121),
	(84,120),
	(84,104),
	(85,122),
	(85,104),
	(86,123),
	(86,104),
	(87,104),
	(87,124),
	(88,125),
	(88,104),
	(89,112),
	(90,126),
	(90,112),
	(91,127),
	(92,128),
	(92,129),
	(92,37),
	(93,130),
	(93,131),
	(93,129),
	(94,132),
	(94,129),
	(95,134),
	(95,133),
	(95,129),
	(96,135),
	(97,135),
	(98,113),
	(99,113),
	(100,136),
	(100,129),
	(101,137),
	(101,138),
	(102,139),
	(102,5),
	(103,140),
	(103,5),
	(104,142),
	(104,5),
	(104,141),
	(105,144),
	(105,143),
	(105,5),
	(106,145),
	(106,37),
	(106,5),
	(107,5),
	(108,146),
	(108,147),
	(109,149),
	(109,148),
	(109,147),
	(110,147),
	(111,150),
	(111,147),
	(112,151),
	(112,147),
	(113,152),
	(113,147),
	(114,153),
	(114,147),
	(115,147),
	(116,147),
	(117,52),
	(117,147),
	(118,147),
	(119,44),
	(119,80),
	(120,116),
	(121,157),
	(121,155),
	(121,156),
	(122,159),
	(122,158),
	(122,160),
	(123,161),
	(123,158),
	(124,158),
	(125,162),
	(125,163),
	(125,130),
	(126,164),
	(126,162),
	(127,162),
	(127,61),
	(128,165),
	(128,166),
	(129,167),
	(129,165),
	(130,168),
	(130,165),
	(131,170),
	(131,169),
	(132,171),
	(132,169),
	(133,172),
	(133,169),
	(134,173),
	(134,2),
	(135,174),
	(135,43),
	(135,165),
	(136,175),
	(136,147),
	(137,5),
	(138,176),
	(139,170),
	(140,177),
	(140,99),
	(141,178),
	(141,179),
	(141,2),
	(142,180),
	(143,82),
	(143,155),
	(144,6),
	(145,181),
	(145,182),
	(146,183),
	(146,184),
	(146,162),
	(147,185),
	(147,162),
	(148,186),
	(148,82),
	(149,155),
	(149,86),
	(150,8),
	(151,187),
	(151,8),
	(152,42),
	(152,35),
	(153,35),
	(153,42),
	(154,188),
	(154,50),
	(155,42),
	(155,35),
	(156,42),
	(156,35),
	(157,189),
	(158,189),
	(159,7),
	(160,8),
	(160,190),
	(161,191),
	(161,193),
	(161,192),
	(162,194),
	(162,170),
	(163,195),
	(163,196),
	(164,198),
	(164,197),
	(164,41),
	(164,80),
	(165,199),
	(166,92),
	(167,170),
	(168,202),
	(168,200),
	(168,203),
	(168,201),
	(168,7),
	(168,68),
	(169,7),
	(170,204),
	(171,204),
	(172,204),
	(173,42),
	(173,205),
	(174,206),
	(175,207),
	(176,208),
	(177,208),
	(178,176),
	(178,40),
	(178,7),
	(178,42),
	(179,209),
	(180,210),
	(180,212),
	(180,211),
	(181,35),
	(181,7),
	(181,44),
	(182,180);
CREATE TABLE IF NOT EXISTS "tokenblocklist" (
	"tokenblocklistid" INTEGER NOT NULL,
    "jti" VARCHAR NOT NULL, 
	"create_at" DATETIME NOT NULL DEFAULT CURRENT_TIMESTAMP,
	PRIMARY KEY ("tokenblocklistid")
);
CREATE TABLE IF NOT EXISTS "profile" (
	"profileid" INTEGER NOT NULL, 
	name VARCHAR,
	PRIMARY KEY ("profileid")
);
INSERT INTO profile VALUES
	(1,'Admin'),
	(2,'Administrativo'),
	(3,'Público');
CREATE TABLE IF NOT EXISTS "user" (
	"userid" INTEGER NOT NULL,
    "username" VARCHAR NOT NULL, 
	"password_hash" VARCHAR NOT NULL, `email` VARCHAR NOT NULL, 
	profileid INTEGER NOT NULL DEFAULT 3 REFERENCES `profile`(`profileid`),
	PRIMARY KEY ("userid")
);
INSERT INTO user VALUES(3,'admin','scrypt:32768:8:1$YVFWVN52FYbmEkrS$727035cc9192cdd0ec9bbb87e9b17d8d470c017eee4db53df97a4dce36419a7dd3fa6c81ad95d1ff7eec17718aef334e439f6d38131ef2c875d73f974c61ac37','56',1);
CREATE TABLE `playlist_song` (
    `songid` INTEGER NOT NULL REFERENCES `song`(`songid`), `playlistid` INTEGER NOT NULL REFERENCES `playlist`(`playlistid`),
    "addedAt" DATETIME DEFAULT CURRENT_TIMESTAMP, 
    PRIMARY KEY (songid, playlistid));
CREATE TABLE IF NOT EXISTS "playlist" (
    "playlistId" INTEGER PRIMARY KEY NOT NULL,
    "name" VARCHAR NOT NULL, 
    "description" VARCHAR NOT NULL,
    userId INTEGER NOT NULL REFERENCES 'user'('userId'),
    "created_at" DATETIME NOT NULL DEFAULT CURRENT_TIMESTAMP,
    "updated_at" DATETIME NOT NULL DEFAULT CURRENT_TIMESTAMP
);
CREATE UNIQUE INDEX `idx_user_username` ON `user` (`username`);
CREATE UNIQUE INDEX `idx_user_email` ON `user` (`email`);
COMMIT;
